date,region,min,max
2020-03-14,Australia_New South Wales,16.6,25.1
2020-03-15,Australia_New South Wales,13.4,20.2
2020-03-16,Australia_New South Wales,16.0,19.3
2020-03-28,Australia_New South Wales,18.4,22.1
2020-03-29,Australia_New South Wales,17.7,23.9
2020-04-01,Australia_New South Wales,19.4,25.1
2020-04-02,Australia_New South Wales,21.1,23.7
2020-04-03,Australia_New South Wales,20.6,24.4
2020-04-04,Australia_New South Wales,18.2,24.4
2020-04-05,Australia_New South Wales,19.5,25.5
2020-04-08,Australia_New South Wales,16.1,20.3
2020-04-09,Australia_New South Wales,16.2,18.9
2020-04-10,Australia_New South Wales,17.4,20.8
2020-04-11,Australia_New South Wales,16.9,22.3
2020-04-12,Australia_New South Wales,15.3,25.5
2020-04-13,Australia_New South Wales,13.2,19.4
2020-04-14,Australia_New South Wales,13.0,21.1
2020-04-15,Australia_New South Wales,13.4,24.7
2020-04-18,Australia_New South Wales,17.6,26.8
2020-04-19,Australia_New South Wales,14.5,22.1
2020-04-20,Australia_New South Wales,14.3,20.6
2020-04-21,Australia_New South Wales,15.6,20.4
2020-04-22,Australia_New South Wales,15.8,23.9
2020-04-23,Australia_New South Wales,16.7,24.4
2020-04-24,Australia_New South Wales,15.6,24.4
2020-04-25,Australia_New South Wales,18.5,26.3
2020-04-26,Australia_New South Wales,17.2,25.6
2020-04-27,Australia_New South Wales,17.2,27.1
2020-04-28,Australia_New South Wales,17.9,20.8
2020-04-29,Australia_New South Wales,19.0,23.4
2020-04-30,Australia_New South Wales,17.3,26.0
2020-05-01,Australia_New South Wales,12.1,20.7
2020-05-02,Australia_New South Wales,10.8,17.1
2020-05-03,Australia_New South Wales,13.2,18.7
2020-05-04,Australia_New South Wales,11.9,17.9
2020-03-14,Belgium_nan,6.0,10.1
2020-03-15,Belgium_nan,3.6,10.6
2020-03-16,Belgium_nan,7.1,13.2
2020-03-28,Belgium_nan,2.2,14.4
2020-03-29,Belgium_nan,4.6,13.0
2020-04-01,Belgium_nan,1.7,12.2
2020-04-02,Belgium_nan,-2.2,12.2
2020-04-03,Belgium_nan,-1.1,11.1
2020-04-04,Belgium_nan,3.9,12.8
2020-04-05,Belgium_nan,0.6,18.9
2020-04-08,Belgium_nan,1.6,19.7
2020-04-09,Belgium_nan,7.8,26.1
2020-04-10,Belgium_nan,6.7,17.2
2020-04-11,Belgium_nan,8.3,23.9
2020-04-12,Belgium_nan,7.2,25.6
2020-04-13,Belgium_nan,5.0,25.0
2020-04-14,Belgium_nan,6.1,16.1
2020-04-15,Belgium_nan,5.0,7.2
2020-04-18,Belgium_nan,8.3,23.3
2020-04-19,Belgium_nan,7.8,15.0
2020-04-20,Belgium_nan,7.2,17.8
2020-04-21,Belgium_nan,17.8,17.8
2020-04-22,Belgium_nan,10.0,21.1
2020-04-23,Belgium_nan,9.4,23.9
2020-04-24,Belgium_nan,8.3,25.0
2020-04-25,Belgium_nan,6.1,20.6
2020-04-26,Belgium_nan,6.1,16.7
2020-04-27,Belgium_nan,1.7,7.2
2020-04-28,Belgium_nan,5.0,13.9
2020-04-29,Belgium_nan,8.9,15.6
2020-04-30,Belgium_nan,10.6,12.8
2020-05-01,Belgium_nan,8.3,12.8
2020-05-02,Belgium_nan,7.2,16.7
2020-05-03,Belgium_nan,7.8,16.1
2020-05-04,Belgium_nan,3.9,18.3
2020-03-09,Brazil_nan,22.6,30.6
2020-03-10,Brazil_nan,22.6,29.2
2020-03-11,Brazil_nan,22.2,31.2
2020-03-12,Brazil_nan,22.2,29.6
2020-03-13,Brazil_nan,20.0,30.2
2020-03-14,Brazil_nan,21.5,31.5
2020-03-15,Brazil_nan,21.2,28.5
2020-03-16,Brazil_nan,20.0,29.7
2020-03-17,Brazil_nan,19.4,29.7
2020-03-18,Brazil_nan,19.4,29.7
2020-03-19,Brazil_nan,20.0,31.0
2020-03-20,Brazil_nan,21.3,32.1
2020-03-21,Brazil_nan,21.1,30.0
2020-03-22,Brazil_nan,21.1,28.7
2020-03-23,Brazil_nan,21.1,30.7
2020-03-24,Brazil_nan,21.7,29.6
2020-03-25,Brazil_nan,21.1,30.6
2020-03-26,Brazil_nan,21.1,30.6
2020-03-27,Brazil_nan,20.5,30.0
2020-03-28,Brazil_nan,20.9,29.0
2020-03-29,Brazil_nan,22.2,27.0
2020-03-30,Brazil_nan,21.7,31.2
2020-03-31,Brazil_nan,22.6,32.2
2020-04-01,Brazil_nan,21.2,33.0
2020-04-02,Brazil_nan,20.0,32.7
2020-04-03,Brazil_nan,22.2,33.2
2020-04-04,Brazil_nan,20.0,33.5
2020-04-05,Brazil_nan,21.9,34.0
2020-04-06,Brazil_nan,19.4,33.4
2020-04-07,Brazil_nan,22.3,36.0
2020-04-08,Brazil_nan,22.2,28.7
2020-04-09,Brazil_nan,21.1,30.0
2020-04-10,Brazil_nan,21.1,22.2
2020-04-11,Brazil_nan,18.9,30.6
2020-04-12,Brazil_nan,19.4,30.6
2020-04-13,Brazil_nan,21.0,30.6
2020-04-14,Brazil_nan,21.1,31.1
2020-04-15,Brazil_nan,20.6,22.2
2020-04-18,Brazil_nan,19.4,25.0
2020-04-19,Brazil_nan,20.0,26.3
2020-04-20,Brazil_nan,19.3,26.4
2020-04-21,Brazil_nan,20.5,28.3
2020-04-22,Brazil_nan,20.0,26.7
2020-04-23,Brazil_nan,17.8,26.7
2020-04-24,Brazil_nan,17.2,30.0
2020-04-25,Brazil_nan,19.4,26.1
2020-04-26,Brazil_nan,19.4,28.9
2020-04-27,Brazil_nan,19.4,21.1
2020-04-28,Brazil_nan,16.7,19.4
2020-04-29,Brazil_nan,16.1,27.2
2020-04-30,Brazil_nan,15.6,18.3
2020-05-01,Brazil_nan,18.4,20.4
2020-05-02,Brazil_nan,13.9,28.9
2020-05-03,Brazil_nan,18.5,26.9
2020-05-04,Brazil_nan,13.3,28.9
2020-03-14,Canada_Ontario,-6.0,0.2
2020-03-15,Canada_Ontario,-14.3,-6.6
2020-03-16,Canada_Ontario,-27.3,-6.6
2020-03-28,Canada_Ontario,-13.2,8.3
2020-03-29,Canada_Ontario,-1.3,9.2
2020-04-01,Canada_Ontario,-9.4,4.0
2020-04-02,Canada_Ontario,-6.3,10.0
2020-04-03,Canada_Ontario,-7.8,6.3
2020-04-04,Canada_Ontario,-8.0,9.9
2020-04-05,Canada_Ontario,-5.3,2.7
2020-04-08,Canada_Ontario,-8.0,8.8
2020-04-09,Canada_Ontario,-1.6,2.0
2020-04-10,Canada_Ontario,-1.2,0.0
2020-04-11,Canada_Ontario,-9.0,1.3
2020-04-12,Canada_Ontario,-12.0,4.7
2020-04-13,Canada_Ontario,-3.7,3.0
2020-04-14,Canada_Ontario,-8.2,-0.5
2020-04-15,Canada_Ontario,-8.2,-8.0
2020-04-18,Canada_Ontario,-15.0,-2.9
2020-04-19,Canada_Ontario,-3.0,7.1
2020-04-20,Canada_Ontario,-15.5,-7.6
2020-04-21,Canada_Ontario,-8.3,3.0
2020-04-22,Canada_Ontario,-12.4,-4.6
2020-04-23,Canada_Ontario,-19.2,-9.6
2020-04-24,Canada_Ontario,-19.1,5.8
2020-04-25,Canada_Ontario,-3.2,3.4
2020-04-26,Canada_Ontario,-0.4,7.0
2020-04-27,Canada_Ontario,-4.7,1.2
2020-04-28,Canada_Ontario,-2.6,1.0
2020-04-29,Canada_Ontario,-6.1,9.7
2020-04-30,Canada_Ontario,-1.0,3.0
2020-05-01,Canada_Ontario,-0.3,5.3
2020-05-02,Canada_Ontario,-1.6,14.3
2020-05-03,Canada_Ontario,2.8,7.4
2020-05-04,Canada_Ontario,-1.4,4.8
2020-03-17,Canada_Quebec,-25.0,-9.0
2020-03-18,Canada_Quebec,-10.7,-6.0
2020-03-19,Canada_Quebec,-20.0,-13.0
2020-03-20,Canada_Quebec,-29.0,-10.5
2020-03-21,Canada_Quebec,-20.0,-9.9
2020-03-22,Canada_Quebec,-27.0,-18.0
2020-03-23,Canada_Quebec,-30.0,-10.9
2020-03-24,Canada_Quebec,-14.0,-3.0
2020-03-25,Canada_Quebec,-15.8,-3.0
2020-03-26,Canada_Quebec,-20.0,4.0
2020-03-27,Canada_Quebec,-20.0,0.4
2020-03-28,Canada_Quebec,-28.0,-6.4
2020-03-29,Canada_Quebec,-23.0,-2.8
2020-03-30,Canada_Quebec,-6.0,5.3
2020-03-31,Canada_Quebec,-9.5,8.5
2020-04-01,Canada_Quebec,-12.0,8.4
2020-04-02,Canada_Quebec,-8.0,1.5
2020-04-03,Canada_Quebec,-4.0,3.7
2020-04-04,Canada_Quebec,3.0,9.0
2020-04-05,Canada_Quebec,1.5,5.6
2020-04-06,Canada_Quebec,-4.0,5.0
2020-04-07,Canada_Quebec,-11.9,-3.0
2020-04-08,Canada_Quebec,-18.7,-3.2
2020-04-09,Canada_Quebec,-19.0,-1.0
2020-04-10,Canada_Quebec,-13.0,-0.2
2020-04-11,Canada_Quebec,-7.0,-0.2
2020-04-12,Canada_Quebec,-9.0,1.0
2020-04-13,Canada_Quebec,-7.0,-0.8
2020-04-14,Canada_Quebec,-14.0,0.2
2020-04-15,Canada_Quebec,-14.0,2.0
2020-04-16,Canada_Quebec,-15.0,-14.0
2020-04-18,Canada_Quebec,-14.6,-10.0
2020-04-19,Canada_Quebec,-10.0,1.0
2020-04-20,Canada_Quebec,-13.0,1.0
2020-04-21,Canada_Quebec,-22.0,-9.0
2020-04-22,Canada_Quebec,-17.0,-6.0
2020-04-23,Canada_Quebec,-8.0,-5.0
2020-04-24,Canada_Quebec,-11.0,-2.0
2020-04-25,Canada_Quebec,-14.0,-6.0
2020-04-26,Canada_Quebec,-13.0,-4.0
2020-04-27,Canada_Quebec,-10.0,-7.0
2020-04-28,Canada_Quebec,-10.0,-5.0
2020-04-29,Canada_Quebec,-4.0,7.0
2020-04-30,Canada_Quebec,2.0,7.0
2020-05-01,Canada_Quebec,3.0,7.0
2020-05-02,Canada_Quebec,0.0,3.0
2020-05-03,Canada_Quebec,-2.0,2.0
2020-05-04,Canada_Quebec,-1.0,3.0
2020-03-14,China_Beijing,-3.0,12.0
2020-03-15,China_Beijing,-3.0,15.7
2020-03-16,China_Beijing,2.0,18.0
2020-03-28,China_Beijing,1.0,14.0
2020-03-29,China_Beijing,-5.0,14.0
2020-04-01,China_Beijing,7.0,19.0
2020-04-02,China_Beijing,9.0,16.0
2020-04-03,China_Beijing,2.0,21.0
2020-04-04,China_Beijing,3.0,26.0
2020-04-05,China_Beijing,9.0,19.0
2020-04-08,China_Beijing,9.0,18.2
2020-04-09,China_Beijing,2.0,16.0
2020-04-10,China_Beijing,7.0,14.0
2020-04-11,China_Beijing,5.0,18.0
2020-04-12,China_Beijing,3.0,23.0
2020-04-13,China_Beijing,8.0,27.0
2020-04-14,China_Beijing,4.0,27.0
2020-04-15,China_Beijing,5.0,27.0
2020-04-18,China_Beijing,10.0,22.2
2020-04-19,China_Beijing,5.0,23.0
2020-04-20,China_Beijing,13.0,22.0
2020-04-21,China_Beijing,7.0,16.0
2020-04-22,China_Beijing,3.0,13.0
2020-04-23,China_Beijing,7.0,16.0
2020-04-24,China_Beijing,8.0,20.0
2020-04-25,China_Beijing,5.0,30.0
2020-04-26,China_Beijing,12.0,23.0
2020-04-27,China_Beijing,4.0,23.0
2020-04-28,China_Beijing,4.0,25.0
2020-04-29,China_Beijing,6.0,29.0
2020-04-30,China_Beijing,12.0,27.3
2020-05-01,China_Beijing,11.0,33.0
2020-05-02,China_Beijing,16.0,34.0
2020-05-03,China_Beijing,21.0,32.0
2020-05-04,China_Beijing,19.0,25.0
2020-03-14,China_Guangdong,16.7,24.7
2020-03-15,China_Guangdong,14.7,25.4
2020-03-16,China_Guangdong,13.5,25.4
2020-03-28,China_Guangdong,20.0,28.0
2020-03-29,China_Guangdong,14.9,27.3
2020-04-01,China_Guangdong,13.0,15.2
2020-04-02,China_Guangdong,14.0,17.0
2020-04-03,China_Guangdong,14.0,18.7
2020-04-04,China_Guangdong,16.0,18.0
2020-04-05,China_Guangdong,16.0,20.0
2020-04-08,China_Guangdong,14.2,22.5
2020-04-09,China_Guangdong,16.7,25.0
2020-04-10,China_Guangdong,17.0,28.0
2020-04-11,China_Guangdong,19.0,27.0
2020-04-12,China_Guangdong,17.0,23.0
2020-04-13,China_Guangdong,14.0,24.0
2020-04-14,China_Guangdong,12.0,24.0
2020-04-15,China_Guangdong,17.0,22.0
2020-04-18,China_Guangdong,20.0,28.5
2020-04-19,China_Guangdong,22.0,28.4
2020-04-20,China_Guangdong,22.0,31.0
2020-04-21,China_Guangdong,24.0,31.0
2020-04-22,China_Guangdong,25.0,30.0
2020-04-23,China_Guangdong,17.0,26.0
2020-04-24,China_Guangdong,17.0,19.0
2020-04-25,China_Guangdong,16.0,18.0
2020-04-26,China_Guangdong,16.0,24.0
2020-04-27,China_Guangdong,20.0,27.0
2020-04-28,China_Guangdong,21.0,30.0
2020-04-29,China_Guangdong,21.0,32.0
2020-04-30,China_Guangdong,22.0,30.0
2020-05-01,China_Guangdong,22.0,31.0
2020-05-02,China_Guangdong,23.0,30.0
2020-05-03,China_Guangdong,25.0,32.0
2020-05-04,China_Guangdong,25.0,34.0
2020-03-14,China_Hong Kong,19.1,22.1
2020-03-15,China_Hong Kong,19.0,23.0
2020-03-16,China_Hong Kong,18.4,20.6
2020-03-28,China_Hong Kong,21.4,25.5
2020-03-29,China_Hong Kong,17.8,22.2
2020-04-01,China_Hong Kong,18.3,19.7
2020-04-02,China_Hong Kong,16.9,19.4
2020-04-03,China_Hong Kong,16.7,18.1
2020-04-04,China_Hong Kong,16.9,18.9
2020-04-05,China_Hong Kong,16.9,20.6
2020-04-08,China_Hong Kong,17.2,19.9
2020-04-09,China_Hong Kong,15.8,20.8
2020-04-10,China_Hong Kong,16.9,22.8
2020-04-11,China_Hong Kong,17.5,20.8
2020-04-12,China_Hong Kong,18.6,21.9
2020-04-13,China_Hong Kong,14.4,21.1
2020-04-14,China_Hong Kong,13.1,21.7
2020-04-15,China_Hong Kong,16.1,20.0
2020-04-18,China_Hong Kong,18.6,24.4
2020-04-19,China_Hong Kong,19.7,25.0
2020-04-20,China_Hong Kong,20.3,26.4
2020-04-21,China_Hong Kong,21.7,26.9
2020-04-22,China_Hong Kong,21.4,24.7
2020-04-23,China_Hong Kong,17.2,21.9
2020-04-24,China_Hong Kong,16.9,18.3
2020-04-25,China_Hong Kong,15.6,17.5
2020-04-26,China_Hong Kong,15.8,19.4
2020-04-27,China_Hong Kong,17.5,24.2
2020-04-28,China_Hong Kong,18.9,24.4
2020-04-29,China_Hong Kong,18.9,24.4
2020-04-30,China_Hong Kong,18.1,24.4
2020-05-01,China_Hong Kong,20.0,26.4
2020-05-02,China_Hong Kong,20.6,26.1
2020-05-03,China_Hong Kong,20.6,26.4
2020-05-04,China_Hong Kong,21.7,28.1
2020-03-14,China_Hubei,9.6,14.5
2020-03-15,China_Hubei,7.7,20.2
2020-03-16,China_Hubei,10.6,21.6
2020-03-28,China_Hubei,5.0,12.0
2020-03-29,China_Hubei,3.9,11.0
2020-04-01,China_Hubei,9.0,11.0
2020-04-02,China_Hubei,7.0,17.0
2020-04-03,China_Hubei,11.0,17.0
2020-04-04,China_Hubei,10.8,19.0
2020-04-05,China_Hubei,11.0,21.0
2020-04-08,China_Hubei,13.0,23.2
2020-04-09,China_Hubei,12.0,24.0
2020-04-10,China_Hubei,12.0,27.0
2020-04-11,China_Hubei,9.5,20.3
2020-04-12,China_Hubei,6.0,11.0
2020-04-13,China_Hubei,6.0,21.0
2020-04-14,China_Hubei,8.0,24.0
2020-04-15,China_Hubei,14.1,23.0
2020-04-18,China_Hubei,17.5,25.0
2020-04-19,China_Hubei,12.9,19.0
2020-04-20,China_Hubei,10.6,20.9
2020-04-21,China_Hubei,14.0,16.0
2020-04-22,China_Hubei,10.9,18.0
2020-04-23,China_Hubei,13.0,21.0
2020-04-24,China_Hubei,14.0,21.0
2020-04-25,China_Hubei,12.0,24.0
2020-04-26,China_Hubei,11.0,26.0
2020-04-27,China_Hubei,14.0,27.0
2020-04-28,China_Hubei,16.0,27.0
2020-04-29,China_Hubei,12.0,26.0
2020-04-30,China_Hubei,16.0,32.0
2020-05-01,China_Hubei,22.0,30.0
2020-05-02,China_Hubei,21.0,29.0
2020-05-03,China_Hubei,21.6,33.0
2020-05-04,China_Hubei,22.0,34.0
2020-03-14,China_Macau,19.4,22.0
2020-03-15,China_Macau,17.6,23.0
2020-03-16,China_Macau,18.2,23.0
2020-03-28,China_Macau,21.4,25.0
2020-03-29,China_Macau,19.7,24.0
2020-04-01,China_Macau,18.0,19.8
2020-04-02,China_Macau,18.0,20.1
2020-04-03,China_Macau,18.0,21.0
2020-04-04,China_Macau,19.0,21.0
2020-04-05,China_Macau,19.0,21.3
2020-04-08,China_Macau,15.7,20.0
2020-04-09,China_Macau,17.7,22.0
2020-04-10,China_Macau,19.0,23.0
2020-04-11,China_Macau,19.0,22.1
2020-04-12,China_Macau,21.0,23.0
2020-04-13,China_Macau,17.0,23.0
2020-04-14,China_Macau,17.0,22.0
2020-04-15,China_Macau,18.0,22.0
2020-04-18,China_Macau,21.0,24.3
2020-04-19,China_Macau,22.0,25.0
2020-04-20,China_Macau,22.0,27.0
2020-04-21,China_Macau,24.0,28.0
2020-04-22,China_Macau,24.0,28.0
2020-04-23,China_Macau,19.0,26.0
2020-04-24,China_Macau,20.0,22.0
2020-04-25,China_Macau,18.0,20.3
2020-04-26,China_Macau,18.0,22.4
2020-04-27,China_Macau,20.0,25.0
2020-04-28,China_Macau,20.0,26.0
2020-04-29,China_Macau,21.0,26.0
2020-04-30,China_Macau,22.0,25.0
2020-05-01,China_Macau,22.0,26.0
2020-05-02,China_Macau,23.0,27.0
2020-05-03,China_Macau,24.0,28.0
2020-05-04,China_Macau,24.8,30.0
2020-03-14,China_Shanghai,8.8,17.0
2020-03-15,China_Shanghai,4.4,14.8
2020-03-16,China_Shanghai,3.9,19.6
2020-03-28,China_Shanghai,6.3,22.0
2020-03-29,China_Shanghai,4.9,12.7
2020-04-01,China_Shanghai,10.6,16.6
2020-04-02,China_Shanghai,9.5,19.6
2020-04-03,China_Shanghai,9.8,19.9
2020-04-04,China_Shanghai,11.8,19.8
2020-04-05,China_Shanghai,11.1,23.1
2020-04-08,China_Shanghai,6.5,21.0
2020-04-09,China_Shanghai,8.3,25.1
2020-04-10,China_Shanghai,13.2,22.7
2020-04-11,China_Shanghai,13.7,20.9
2020-04-12,China_Shanghai,9.2,14.7
2020-04-13,China_Shanghai,8.2,20.0
2020-04-14,China_Shanghai,9.2,21.9
2020-04-15,China_Shanghai,11.4,20.2
2020-04-18,China_Shanghai,18.2,21.8
2020-04-19,China_Shanghai,14.6,18.7
2020-04-20,China_Shanghai,13.9,16.3
2020-04-21,China_Shanghai,12.7,25.9
2020-04-22,China_Shanghai,12.1,15.8
2020-04-23,China_Shanghai,12.4,20.0
2020-04-24,China_Shanghai,13.2,22.0
2020-04-25,China_Shanghai,13.4,22.6
2020-04-26,China_Shanghai,14.3,26.6
2020-04-27,China_Shanghai,15.0,25.6
2020-04-28,China_Shanghai,14.2,20.8
2020-04-29,China_Shanghai,11.6,23.4
2020-04-30,China_Shanghai,14.2,26.6
2020-05-01,China_Shanghai,18.2,33.2
2020-05-02,China_Shanghai,20.8,25.2
2020-05-03,China_Shanghai,20.8,30.0
2020-05-04,China_Shanghai,21.1,33.9
2020-03-14,Finland_nan,-8.0,0.2
2020-03-15,Finland_nan,-13.0,-3.9
2020-03-16,Finland_nan,-11.0,3.2
2020-03-28,Finland_nan,0.0,9.1
2020-03-29,Finland_nan,-3.5,3.7
2020-04-01,Finland_nan,-7.8,1.1
2020-04-02,Finland_nan,-6.7,0.0
2020-04-03,Finland_nan,-10.6,-1.1
2020-04-04,Finland_nan,-3.3,-1.1
2020-04-05,Finland_nan,-7.8,0.6
2020-04-08,Finland_nan,0.0,11.0
2020-04-09,Finland_nan,0.0,10.0
2020-04-10,Finland_nan,0.0,3.9
2020-04-11,Finland_nan,-4.4,2.2
2020-04-12,Finland_nan,-3.3,2.2
2020-04-13,Finland_nan,-5.6,1.7
2020-04-14,Finland_nan,-1.7,2.8
2020-04-15,Finland_nan,-3.3,0.0
2020-04-18,Finland_nan,-1.7,1.1
2020-04-19,Finland_nan,0.0,3.3
2020-04-20,Finland_nan,-0.6,6.7
2020-04-21,Finland_nan,1.7,8.9
2020-04-22,Finland_nan,1.1,11.1
2020-04-23,Finland_nan,-1.7,8.9
2020-04-24,Finland_nan,-2.2,6.1
2020-04-25,Finland_nan,-0.6,2.2
2020-04-26,Finland_nan,-3.9,3.9
2020-04-27,Finland_nan,0.0,1.7
2020-04-28,Finland_nan,-3.3,1.1
2020-04-29,Finland_nan,-2.2,3.3
2020-04-30,Finland_nan,-2.8,3.3
2020-05-01,Finland_nan,-2.8,2.8
2020-05-02,Finland_nan,-3.3,6.7
2020-05-03,Finland_nan,0.6,11.1
2020-05-04,Finland_nan,3.3,9.4
2020-03-14,France_nan,0.2,11.3
2020-03-15,France_nan,-1.5,11.6
2020-03-16,France_nan,0.7,19.1
2020-03-28,France_nan,-3.3,11.7
2020-03-29,France_nan,-2.3,15.4
2020-04-01,France_nan,-1.6,9.3
2020-04-02,France_nan,-0.4,12.1
2020-04-03,France_nan,-0.7,11.6
2020-04-04,France_nan,0.6,11.8
2020-04-05,France_nan,0.7,15.9
2020-04-08,France_nan,3.1,22.2
2020-04-09,France_nan,6.8,20.2
2020-04-10,France_nan,6.3,16.4
2020-04-11,France_nan,6.2,23.0
2020-04-12,France_nan,9.9,22.0
2020-04-13,France_nan,11.0,21.4
2020-04-14,France_nan,8.8,19.7
2020-04-15,France_nan,5.2,10.2
2020-04-18,France_nan,11.8,20.5
2020-04-19,France_nan,12.2,18.0
2020-04-20,France_nan,11.3,18.2
2020-04-21,France_nan,11.9,17.3
2020-04-22,France_nan,13.0,17.5
2020-04-23,France_nan,10.2,17.5
2020-04-24,France_nan,11.1,17.6
2020-04-25,France_nan,10.4,20.5
2020-04-26,France_nan,9.6,20.1
2020-04-27,France_nan,12.0,14.0
2020-04-28,France_nan,10.3,16.5
2020-04-29,France_nan,10.1,14.7
2020-04-30,France_nan,8.7,13.5
2020-05-01,France_nan,9.4,10.7
2020-05-02,France_nan,8.5,14.8
2020-05-03,France_nan,9.9,13.7
2020-05-04,France_nan,12.4,15.5
2020-03-14,Germany_nan,2.0,10.0
2020-03-15,Germany_nan,0.0,10.0
2020-03-16,Germany_nan,3.0,14.0
2020-03-28,Germany_nan,-1.0,16.0
2020-03-29,Germany_nan,3.0,15.0
2020-04-01,Germany_nan,-2.0,7.0
2020-04-02,Germany_nan,-6.0,10.0
2020-04-03,Germany_nan,-4.0,13.0
2020-04-04,Germany_nan,3.0,8.0
2020-04-05,Germany_nan,0.0,13.0
2020-04-08,Germany_nan,3.0,19.0
2020-04-09,Germany_nan,6.0,22.0
2020-04-10,Germany_nan,3.0,13.0
2020-04-11,Germany_nan,4.0,18.0
2020-04-12,Germany_nan,1.0,20.0
2020-04-13,Germany_nan,2.0,23.0
2020-04-14,Germany_nan,5.0,10.0
2020-04-15,Germany_nan,2.0,5.0
2020-04-18,Germany_nan,7.0,20.0
2020-04-19,Germany_nan,6.0,22.0
2020-04-20,Germany_nan,8.0,16.0
2020-04-21,Germany_nan,6.0,16.0
2020-04-22,Germany_nan,7.0,17.0
2020-04-23,Germany_nan,7.7,19.0
2020-04-24,Germany_nan,3.0,20.0
2020-04-25,Germany_nan,3.0,21.0
2020-04-26,Germany_nan,7.0,15.0
2020-04-27,Germany_nan,1.0,5.0
2020-04-28,Germany_nan,2.0,10.0
2020-04-29,Germany_nan,4.5,15.0
2020-04-30,Germany_nan,8.0,15.0
2020-05-01,Germany_nan,10.0,13.0
2020-05-02,Germany_nan,7.0,13.0
2020-05-03,Germany_nan,7.0,10.0
2020-05-04,Germany_nan,4.2,15.0
2020-03-14,India_nan,22.0,31.5
2020-03-15,India_nan,21.0,34.2
2020-03-16,India_nan,19.0,33.0
2020-03-28,India_nan,22.0,35.2
2020-03-29,India_nan,23.0,34.5
2020-04-01,India_nan,23.0,37.0
2020-04-02,India_nan,21.0,37.0
2020-04-03,India_nan,22.0,37.0
2020-04-04,India_nan,23.0,36.0
2020-04-05,India_nan,22.0,36.1
2020-04-08,India_nan,22.0,39.2
2020-04-09,India_nan,24.0,38.0
2020-04-10,India_nan,25.0,37.0
2020-04-11,India_nan,23.0,38.0
2020-04-12,India_nan,24.0,38.0
2020-04-13,India_nan,25.0,40.1
2020-04-14,India_nan,25.0,40.5
2020-04-15,India_nan,25.0,39.0
2020-04-18,India_nan,25.0,42.0
2020-04-19,India_nan,27.0,40.0
2020-04-20,India_nan,25.0,37.0
2020-04-21,India_nan,24.0,39.5
2020-04-22,India_nan,28.0,40.0
2020-04-23,India_nan,25.0,39.0
2020-04-24,India_nan,26.0,41.0
2020-04-25,India_nan,24.0,41.0
2020-04-26,India_nan,25.0,40.0
2020-04-27,India_nan,26.0,36.0
2020-04-28,India_nan,29.0,35.6
2020-04-29,India_nan,22.0,36.0
2020-04-30,India_nan,21.0,38.0
2020-05-01,India_nan,25.0,39.0
2020-05-02,India_nan,24.0,40.0
2020-05-03,India_nan,24.0,41.0
2020-05-04,India_nan,25.0,43.0
2020-03-14,Iran_nan,2.0,20.1
2020-03-15,Iran_nan,8.0,18.0
2020-03-16,Iran_nan,8.8,14.1
2020-03-17,Iran_nan,3.6,16.5
2020-03-18,Iran_nan,5.3,19.0
2020-03-19,Iran_nan,5.1,14.0
2020-03-20,Iran_nan,6.7,17.3
2020-03-21,Iran_nan,3.1,18.0
2020-03-22,Iran_nan,2.7,16.9
2020-03-23,Iran_nan,3.1,10.7
2020-03-24,Iran_nan,-0.4,7.3
2020-03-25,Iran_nan,2.1,9.5
2020-03-26,Iran_nan,4.9,12.4
2020-03-27,Iran_nan,2.1,12.3
2020-03-28,Iran_nan,4.0,14.4
2020-03-29,Iran_nan,7.1,12.9
2020-03-30,Iran_nan,3.8,9.7
2020-03-31,Iran_nan,4.8,14.6
2020-04-01,Iran_nan,3.0,15.0
2020-04-02,Iran_nan,3.0,18.0
2020-04-03,Iran_nan,7.0,17.8
2020-04-04,Iran_nan,7.0,18.0
2020-04-05,Iran_nan,5.0,19.0
2020-04-08,Iran_nan,8.9,23.4
2020-04-09,Iran_nan,10.0,21.0
2020-04-10,Iran_nan,11.0,15.0
2020-04-11,Iran_nan,10.0,14.8
2020-04-12,Iran_nan,10.0,13.0
2020-04-13,Iran_nan,12.0,19.0
2020-04-14,Iran_nan,5.0,18.0
2020-04-15,Iran_nan,3.0,15.0
2020-04-18,Iran_nan,6.0,19.0
2020-04-19,Iran_nan,5.0,17.0
2020-04-20,Iran_nan,7.0,18.0
2020-04-21,Iran_nan,8.0,20.0
2020-04-22,Iran_nan,6.0,20.0
2020-04-23,Iran_nan,9.0,18.0
2020-04-24,Iran_nan,6.0,21.0
2020-04-25,Iran_nan,8.0,23.6
2020-04-26,Iran_nan,8.0,25.0
2020-04-27,Iran_nan,11.0,17.0
2020-04-28,Iran_nan,11.0,17.0
2020-04-29,Iran_nan,4.0,21.0
2020-04-30,Iran_nan,9.0,15.0
2020-05-01,Iran_nan,7.0,10.0
2020-05-02,Iran_nan,8.0,22.0
2020-05-03,Iran_nan,10.0,22.0
2020-05-04,Iran_nan,11.0,23.0
2020-03-14,Italy_nan,6.7,16.2
2020-03-15,Italy_nan,7.8,14.7
2020-03-16,Italy_nan,3.5,11.2
2020-03-28,Italy_nan,4.8,10.0
2020-03-29,Italy_nan,4.9,12.6
2020-04-01,Italy_nan,1.8,7.5
2020-04-02,Italy_nan,-0.2,6.4
2020-04-03,Italy_nan,-0.7,10.0
2020-04-04,Italy_nan,2.1,12.5
2020-04-05,Italy_nan,4.7,14.3
2020-04-08,Italy_nan,6.9,18.2
2020-04-09,Italy_nan,6.7,18.8
2020-04-10,Italy_nan,6.2,15.0
2020-04-11,Italy_nan,7.7,20.1
2020-04-12,Italy_nan,8.7,21.6
2020-04-13,Italy_nan,8.7,21.7
2020-04-14,Italy_nan,10.0,18.7
2020-04-15,Italy_nan,9.1,10.3
2020-04-18,Italy_nan,6.7,20.2
2020-04-19,Italy_nan,8.6,21.1
2020-04-20,Italy_nan,10.1,20.1
2020-04-21,Italy_nan,11.1,15.2
2020-04-22,Italy_nan,10.6,12.7
2020-04-23,Italy_nan,9.4,11.4
2020-04-24,Italy_nan,8.4,16.3
2020-04-25,Italy_nan,7.5,18.4
2020-04-26,Italy_nan,7.4,18.9
2020-04-27,Italy_nan,7.3,12.7
2020-04-28,Italy_nan,8.7,14.9
2020-04-29,Italy_nan,10.3,14.3
2020-04-30,Italy_nan,10.0,17.0
2020-05-01,Italy_nan,7.6,17.5
2020-05-02,Italy_nan,10.4,17.8
2020-05-03,Italy_nan,12.4,20.9
2020-05-04,Italy_nan,10.8,21.9
2020-03-14,Japan_nan,-0.1,15.1
2020-03-15,Japan_nan,-1.6,3.8
2020-03-16,Japan_nan,-1.0,7.5
2020-03-28,Japan_nan,5.5,16.2
2020-03-29,Japan_nan,1.8,11.2
2020-04-01,Japan_nan,1.1,9.3
2020-04-02,Japan_nan,6.1,8.4
2020-04-03,Japan_nan,-0.2,9.2
2020-04-04,Japan_nan,-2.0,13.9
2020-04-05,Japan_nan,1.6,16.0
2020-04-08,Japan_nan,-0.1,15.5
2020-04-09,Japan_nan,1.4,15.4
2020-04-10,Japan_nan,1.0,13.7
2020-04-11,Japan_nan,-2.2,9.4
2020-04-12,Japan_nan,-3.9,11.1
2020-04-13,Japan_nan,0.6,9.6
2020-04-14,Japan_nan,0.8,6.0
2020-04-15,Japan_nan,-0.8,9.4
2020-04-18,Japan_nan,1.5,14.0
2020-04-19,Japan_nan,3.7,6.7
2020-04-20,Japan_nan,3.0,13.6
2020-04-21,Japan_nan,4.3,11.4
2020-04-22,Japan_nan,4.7,16.8
2020-04-23,Japan_nan,-0.7,11.3
2020-04-24,Japan_nan,-2.2,10.5
2020-04-25,Japan_nan,-0.9,12.1
2020-04-26,Japan_nan,-1.4,15.5
2020-04-27,Japan_nan,3.2,16.5
2020-04-28,Japan_nan,2.8,14.4
2020-04-29,Japan_nan,1.2,14.9
2020-04-30,Japan_nan,0.7,20.4
2020-05-01,Japan_nan,6.1,20.9
2020-05-02,Japan_nan,8.4,24.2
2020-05-03,Japan_nan,9.5,29.7
2020-05-04,Japan_nan,12.9,24.4
2020-03-14,"Korea, South_nan",2.0,11.1
2020-03-15,"Korea, South_nan",-1.7,8.0
2020-03-16,"Korea, South_nan",0.1,8.6
2020-03-28,"Korea, South_nan",5.9,13.5
2020-03-29,"Korea, South_nan",3.0,12.0
2020-04-01,"Korea, South_nan",1.0,20.0
2020-04-02,"Korea, South_nan",7.0,18.0
2020-04-03,"Korea, South_nan",0.0,17.0
2020-04-04,"Korea, South_nan",0.0,17.0
2020-04-05,"Korea, South_nan",2.0,14.0
2020-04-08,"Korea, South_nan",4.5,17.7
2020-04-09,"Korea, South_nan",5.0,15.0
2020-04-10,"Korea, South_nan",0.0,15.0
2020-04-11,"Korea, South_nan",2.0,17.0
2020-04-12,"Korea, South_nan",1.0,14.0
2020-04-13,"Korea, South_nan",0.0,15.0
2020-04-14,"Korea, South_nan",2.3,14.9
2020-04-15,"Korea, South_nan",0.0,22.0
2020-04-18,"Korea, South_nan",9.3,18.0
2020-04-19,"Korea, South_nan",7.3,18.0
2020-04-20,"Korea, South_nan",8.0,14.0
2020-04-21,"Korea, South_nan",5.2,16.5
2020-04-22,"Korea, South_nan",3.0,13.0
2020-04-23,"Korea, South_nan",3.0,10.0
2020-04-24,"Korea, South_nan",-1.0,14.0
2020-04-25,"Korea, South_nan",0.0,17.0
2020-04-26,"Korea, South_nan",4.0,22.0
2020-04-27,"Korea, South_nan",4.0,18.0
2020-04-28,"Korea, South_nan",2.0,17.0
2020-04-29,"Korea, South_nan",2.0,22.0
2020-04-30,"Korea, South_nan",4.0,23.0
2020-05-01,"Korea, South_nan",4.0,25.0
2020-05-02,"Korea, South_nan",13.0,29.0
2020-05-03,"Korea, South_nan",18.0,27.0
2020-05-04,"Korea, South_nan",14.2,20.0
2020-03-14,Malaysia_nan,24.0,34.0
2020-03-15,Malaysia_nan,24.0,33.0
2020-03-16,Malaysia_nan,24.0,33.3
2020-03-28,Malaysia_nan,23.0,34.0
2020-03-29,Malaysia_nan,24.5,32.4
2020-04-01,Malaysia_nan,22.9,32.0
2020-04-02,Malaysia_nan,23.9,34.0
2020-04-03,Malaysia_nan,23.7,31.0
2020-04-04,Malaysia_nan,23.4,33.0
2020-04-05,Malaysia_nan,23.5,35.0
2020-04-08,Malaysia_nan,24.6,28.0
2020-04-09,Malaysia_nan,24.0,33.0
2020-04-10,Malaysia_nan,25.0,32.0
2020-04-11,Malaysia_nan,24.0,31.0
2020-04-12,Malaysia_nan,24.0,32.0
2020-04-13,Malaysia_nan,24.0,33.0
2020-04-14,Malaysia_nan,23.9,33.0
2020-04-15,Malaysia_nan,23.5,35.0
2020-04-18,Malaysia_nan,24.0,33.8
2020-04-19,Malaysia_nan,24.0,30.0
2020-04-20,Malaysia_nan,23.8,34.0
2020-04-21,Malaysia_nan,23.0,33.0
2020-04-22,Malaysia_nan,23.0,34.0
2020-04-23,Malaysia_nan,23.3,34.0
2020-04-24,Malaysia_nan,24.5,32.0
2020-04-25,Malaysia_nan,24.2,34.0
2020-04-26,Malaysia_nan,23.8,32.0
2020-04-27,Malaysia_nan,25.0,34.0
2020-04-28,Malaysia_nan,23.5,33.4
2020-04-29,Malaysia_nan,25.0,31.0
2020-04-30,Malaysia_nan,23.8,34.0
2020-05-01,Malaysia_nan,25.0,33.0
2020-05-02,Malaysia_nan,24.0,34.0
2020-05-03,Malaysia_nan,24.0,30.0
2020-05-04,Malaysia_nan,23.7,33.0
2020-03-14,Netherlands_nan,4.7,9.0
2020-03-15,Netherlands_nan,0.4,11.8
2020-03-16,Netherlands_nan,7.7,11.2
2020-03-28,Netherlands_nan,2.2,15.3
2020-03-29,Netherlands_nan,4.1,11.9
2020-04-01,Netherlands_nan,3.3,12.2
2020-04-02,Netherlands_nan,2.8,12.2
2020-04-03,Netherlands_nan,6.7,13.3
2020-04-04,Netherlands_nan,8.9,13.3
2020-04-05,Netherlands_nan,6.1,17.2
2020-04-08,Netherlands_nan,2.7,19.1
2020-04-09,Netherlands_nan,12.2,26.1
2020-04-10,Netherlands_nan,12.8,17.2
2020-04-11,Netherlands_nan,8.9,21.1
2020-04-12,Netherlands_nan,10.6,23.9
2020-04-13,Netherlands_nan,11.1,25.0
2020-04-14,Netherlands_nan,10.6,17.2
2020-04-15,Netherlands_nan,8.9,11.1
2020-04-18,Netherlands_nan,8.7,20.0
2020-04-19,Netherlands_nan,10.0,19.4
2020-04-20,Netherlands_nan,11.1,20.6
2020-04-21,Netherlands_nan,10.0,21.1
2020-04-22,Netherlands_nan,11.7,21.7
2020-04-23,Netherlands_nan,13.3,24.4
2020-04-24,Netherlands_nan,13.3,26.1
2020-04-25,Netherlands_nan,13.9,21.7
2020-04-26,Netherlands_nan,12.2,17.8
2020-04-27,Netherlands_nan,8.3,12.2
2020-04-28,Netherlands_nan,10.0,16.1
2020-04-29,Netherlands_nan,12.2,16.1
2020-04-30,Netherlands_nan,11.7,15.0
2020-05-01,Netherlands_nan,12.2,17.8
2020-05-02,Netherlands_nan,11.1,16.7
2020-05-03,Netherlands_nan,11.7,16.1
2020-05-04,Netherlands_nan,11.1,19.4
2020-03-14,Norway_nan,-10.2,-0.9
2020-03-15,Norway_nan,-16.3,-2.2
2020-03-16,Norway_nan,-5.1,3.0
2020-03-28,Norway_nan,-1.0,4.0
2020-03-29,Norway_nan,-7.5,0.8
2020-04-01,Norway_nan,-2.2,-2.2
2020-04-02,Norway_nan,-2.2,-2.2
2020-04-03,Norway_nan,-2.2,-2.2
2020-04-04,Norway_nan,-2.2,-2.2
2020-04-05,Norway_nan,-6.1,-2.2
2020-04-08,Norway_nan,0.5,4.5
2020-04-09,Norway_nan,-3.9,2.8
2020-04-10,Norway_nan,-6.1,-3.9
2020-04-11,Norway_nan,-7.8,-0.6
2020-04-12,Norway_nan,-6.1,2.2
2020-04-13,Norway_nan,-7.8,2.2
2020-04-14,Norway_nan,-9.4,-5.6
2020-04-15,Norway_nan,-8.9,-4.4
2020-04-18,Norway_nan,-9.4,-1.7
2020-04-19,Norway_nan,-7.2,0.6
2020-04-20,Norway_nan,-4.4,5.0
2020-04-21,Norway_nan,-1.7,6.7
2020-04-22,Norway_nan,0.6,6.7
2020-04-23,Norway_nan,1.1,6.1
2020-04-24,Norway_nan,-1.1,3.9
2020-04-25,Norway_nan,-1.7,1.7
2020-04-26,Norway_nan,-5.6,2.2
2020-04-27,Norway_nan,-1.7,-0.6
2020-04-28,Norway_nan,-1.7,0.0
2020-04-29,Norway_nan,-3.9,-2.8
2020-04-30,Norway_nan,-8.3,-2.8
2020-05-01,Norway_nan,-5.0,-3.3
2020-05-02,Norway_nan,-3.3,1.1
2020-05-03,Norway_nan,-3.3,2.2
2020-05-04,Norway_nan,-3.9,0.6
2020-03-14,Philippines_nan,24.9,29.0
2020-03-15,Philippines_nan,24.0,30.0
2020-03-16,Philippines_nan,24.8,30.2
2020-03-28,Philippines_nan,23.9,30.6
2020-03-29,Philippines_nan,25.2,31.3
2020-04-01,Philippines_nan,25.0,30.6
2020-04-02,Philippines_nan,25.0,30.6
2020-04-03,Philippines_nan,26.1,31.7
2020-04-04,Philippines_nan,25.6,30.6
2020-04-05,Philippines_nan,25.6,31.7
2020-04-08,Philippines_nan,24.5,30.9
2020-04-09,Philippines_nan,23.9,31.1
2020-04-10,Philippines_nan,25.0,32.2
2020-04-11,Philippines_nan,25.0,32.2
2020-04-12,Philippines_nan,25.0,30.6
2020-04-13,Philippines_nan,24.4,30.6
2020-04-14,Philippines_nan,25.6,31.1
2020-04-15,Philippines_nan,23.9,26.7
2020-04-18,Philippines_nan,25.6,30.6
2020-04-19,Philippines_nan,26.1,31.7
2020-04-20,Philippines_nan,26.7,31.1
2020-04-21,Philippines_nan,26.1,31.7
2020-04-22,Philippines_nan,26.7,32.2
2020-04-23,Philippines_nan,27.2,31.7
2020-04-24,Philippines_nan,26.7,31.7
2020-04-25,Philippines_nan,26.1,32.2
2020-04-26,Philippines_nan,27.2,35.0
2020-04-27,Philippines_nan,27.8,33.9
2020-04-28,Philippines_nan,26.7,33.9
2020-04-29,Philippines_nan,27.2,34.4
2020-04-30,Philippines_nan,26.7,33.9
2020-05-01,Philippines_nan,27.2,33.9
2020-05-02,Philippines_nan,26.7,34.4
2020-05-03,Philippines_nan,25.0,31.7
2020-05-04,Philippines_nan,27.2,32.8
2020-03-14,Poland_nan,3.4,8.7
2020-03-15,Poland_nan,-2.9,4.9
2020-03-16,Poland_nan,-5.5,8.8
2020-03-28,Poland_nan,0.7,16.0
2020-03-29,Poland_nan,3.9,17.8
2020-04-01,Poland_nan,-3.3,5.0
2020-04-02,Poland_nan,-5.0,7.2
2020-04-03,Poland_nan,-1.1,8.9
2020-04-04,Poland_nan,1.7,10.6
2020-04-05,Poland_nan,-1.7,10.6
2020-04-08,Poland_nan,7.3,21.9
2020-04-09,Poland_nan,7.2,21.1
2020-04-10,Poland_nan,5.6,17.2
2020-04-11,Poland_nan,1.7,14.4
2020-04-12,Poland_nan,1.1,16.7
2020-04-13,Poland_nan,5.0,20.0
2020-04-14,Poland_nan,3.3,15.6
2020-04-15,Poland_nan,-1.7,4.4
2020-04-18,Poland_nan,4.4,15.0
2020-04-19,Poland_nan,1.7,15.0
2020-04-20,Poland_nan,2.8,12.8
2020-04-21,Poland_nan,0.6,14.4
2020-04-22,Poland_nan,4.4,15.6
2020-04-23,Poland_nan,2.8,17.2
2020-04-24,Poland_nan,4.4,18.9
2020-04-25,Poland_nan,3.9,19.4
2020-04-26,Poland_nan,8.9,13.9
2020-04-27,Poland_nan,1.7,6.7
2020-04-28,Poland_nan,1.7,14.4
2020-04-29,Poland_nan,7.8,23.3
2020-04-30,Poland_nan,11.1,15.0
2020-05-01,Poland_nan,6.7,13.9
2020-05-02,Poland_nan,8.9,12.8
2020-05-03,Poland_nan,6.1,14.4
2020-05-04,Poland_nan,7.2,12.8
2020-03-14,Portugal_nan,10.2,17.2
2020-03-15,Portugal_nan,7.7,21.7
2020-03-16,Portugal_nan,6.7,15.5
2020-03-28,Portugal_nan,8.7,16.9
2020-03-29,Portugal_nan,6.7,18.7
2020-04-01,Portugal_nan,5.6,9.9
2020-04-02,Portugal_nan,5.2,14.1
2020-04-03,Portugal_nan,5.4,17.6
2020-04-04,Portugal_nan,7.2,21.1
2020-04-05,Portugal_nan,10.1,19.2
2020-04-08,Portugal_nan,13.7,21.2
2020-04-09,Portugal_nan,12.4,19.9
2020-04-10,Portugal_nan,14.5,15.5
2020-04-11,Portugal_nan,13.6,17.9
2020-04-12,Portugal_nan,12.5,19.3
2020-04-13,Portugal_nan,12.2,19.2
2020-04-14,Portugal_nan,11.1,13.7
2020-04-15,Portugal_nan,8.9,15.6
2020-04-18,Portugal_nan,13.3,18.4
2020-04-19,Portugal_nan,9.1,19.9
2020-04-20,Portugal_nan,11.8,18.3
2020-04-21,Portugal_nan,11.3,17.0
2020-04-22,Portugal_nan,8.4,16.1
2020-04-23,Portugal_nan,11.7,17.3
2020-04-24,Portugal_nan,10.5,20.5
2020-04-25,Portugal_nan,11.0,20.5
2020-04-26,Portugal_nan,13.0,18.0
2020-04-27,Portugal_nan,11.4,12.4
2020-04-28,Portugal_nan,11.1,12.9
2020-04-29,Portugal_nan,10.9,17.6
2020-04-30,Portugal_nan,12.6,14.2
2020-05-01,Portugal_nan,12.7,16.3
2020-05-02,Portugal_nan,14.8,17.5
2020-05-03,Portugal_nan,13.2,22.6
2020-05-04,Portugal_nan,12.3,30.4
2020-03-14,Russia_nan,-1.2,1.0
2020-03-15,Russia_nan,-3.7,8.0
2020-03-16,Russia_nan,-0.2,2.9
2020-03-28,Russia_nan,-2.5,-0.5
2020-03-29,Russia_nan,-2.2,-0.2
2020-04-01,Russia_nan,1.3,8.0
2020-04-02,Russia_nan,0.8,13.0
2020-04-03,Russia_nan,-4.0,17.0
2020-04-04,Russia_nan,1.0,14.0
2020-04-05,Russia_nan,-2.7,7.0
2020-04-08,Russia_nan,-3.0,11.2
2020-04-09,Russia_nan,-3.0,20.0
2020-04-10,Russia_nan,1.0,7.0
2020-04-11,Russia_nan,-3.0,2.0
2020-04-12,Russia_nan,-7.0,9.0
2020-04-13,Russia_nan,-5.0,11.0
2020-04-14,Russia_nan,-4.0,15.0
2020-04-15,Russia_nan,-3.0,16.0
2020-04-18,Russia_nan,1.0,9.0
2020-04-19,Russia_nan,-4.0,13.0
2020-04-20,Russia_nan,-3.0,12.0
2020-04-21,Russia_nan,-2.0,14.0
2020-04-22,Russia_nan,-5.0,18.0
2020-04-23,Russia_nan,-1.0,25.0
2020-04-24,Russia_nan,1.0,27.0
2020-04-25,Russia_nan,13.0,27.0
2020-04-26,Russia_nan,11.4,30.0
2020-04-27,Russia_nan,8.0,14.0
2020-04-28,Russia_nan,-1.0,17.0
2020-04-29,Russia_nan,-1.0,20.0
2020-04-30,Russia_nan,10.0,26.0
2020-05-01,Russia_nan,10.9,20.0
2020-05-02,Russia_nan,7.9,15.0
2020-05-03,Russia_nan,4.0,12.0
2020-05-04,Russia_nan,4.0,18.0
2020-03-14,Singapore_nan,26.1,35.0
2020-03-15,Singapore_nan,26.8,34.0
2020-03-16,Singapore_nan,27.0,33.5
2020-03-28,Singapore_nan,26.5,33.5
2020-03-29,Singapore_nan,26.2,33.5
2020-04-01,Singapore_nan,26.5,34.5
2020-04-02,Singapore_nan,26.5,34.0
2020-04-03,Singapore_nan,25.5,35.0
2020-04-04,Singapore_nan,25.5,33.0
2020-04-05,Singapore_nan,27.0,34.0
2020-04-08,Singapore_nan,24.5,32.5
2020-04-09,Singapore_nan,24.5,34.0
2020-04-10,Singapore_nan,25.5,33.5
2020-04-11,Singapore_nan,25.5,34.0
2020-04-12,Singapore_nan,26.5,32.5
2020-04-13,Singapore_nan,26.5,32.0
2020-04-14,Singapore_nan,27.0,34.0
2020-04-15,Singapore_nan,27.0,33.0
2020-04-18,Singapore_nan,27.0,33.5
2020-04-19,Singapore_nan,27.5,33.5
2020-04-20,Singapore_nan,27.5,35.0
2020-04-21,Singapore_nan,27.5,34.5
2020-04-22,Singapore_nan,27.5,34.0
2020-04-23,Singapore_nan,27.5,34.5
2020-04-24,Singapore_nan,27.5,32.5
2020-04-25,Singapore_nan,25.5,32.5
2020-04-26,Singapore_nan,26.5,30.5
2020-04-27,Singapore_nan,26.5,31.5
2020-04-28,Singapore_nan,26.0,30.5
2020-04-29,Singapore_nan,26.5,33.0
2020-04-30,Singapore_nan,27.0,32.0
2020-05-01,Singapore_nan,26.0,31.5
2020-05-02,Singapore_nan,25.5,31.0
2020-05-03,Singapore_nan,26.0,32.5
2020-05-04,Singapore_nan,26.5,33.5
2020-03-14,Spain_nan,9.2,23.9
2020-03-15,Spain_nan,9.4,23.6
2020-03-16,Spain_nan,8.5,21.6
2020-03-28,Spain_nan,4.4,10.5
2020-03-29,Spain_nan,0.7,16.7
2020-04-01,Spain_nan,2.2,12.0
2020-04-02,Spain_nan,6.4,13.0
2020-04-03,Spain_nan,3.5,16.3
2020-04-04,Spain_nan,5.8,17.5
2020-04-05,Spain_nan,5.4,18.8
2020-04-08,Spain_nan,12.4,19.3
2020-04-09,Spain_nan,10.4,21.4
2020-04-10,Spain_nan,11.5,15.6
2020-04-11,Spain_nan,12.2,17.3
2020-04-12,Spain_nan,10.6,18.7
2020-04-13,Spain_nan,9.5,20.3
2020-04-14,Spain_nan,9.8,17.5
2020-04-15,Spain_nan,9.6,13.8
2020-04-18,Spain_nan,11.8,18.2
2020-04-19,Spain_nan,11.0,19.5
2020-04-20,Spain_nan,10.8,19.2
2020-04-21,Spain_nan,8.6,18.7
2020-04-22,Spain_nan,8.8,13.0
2020-04-23,Spain_nan,9.7,19.9
2020-04-24,Spain_nan,11.4,20.9
2020-04-25,Spain_nan,12.7,22.2
2020-04-26,Spain_nan,10.6,22.7
2020-04-27,Spain_nan,12.8,14.8
2020-04-28,Spain_nan,10.5,14.3
2020-04-29,Spain_nan,7.8,17.6
2020-04-30,Spain_nan,7.9,17.0
2020-05-01,Spain_nan,12.1,16.8
2020-05-02,Spain_nan,11.7,23.4
2020-05-03,Spain_nan,12.4,26.5
2020-05-04,Spain_nan,11.8,31.0
2020-03-14,Sweden_nan,-7.5,0.1
2020-03-15,Sweden_nan,-9.0,0.1
2020-03-16,Sweden_nan,-6.9,4.4
2020-03-28,Sweden_nan,-2.8,8.7
2020-03-29,Sweden_nan,-4.7,2.5
2020-04-01,Sweden_nan,-5.6,7.2
2020-04-02,Sweden_nan,1.7,7.8
2020-04-03,Sweden_nan,0.6,7.2
2020-04-04,Sweden_nan,-1.1,3.9
2020-04-05,Sweden_nan,-4.4,3.3
2020-04-08,Sweden_nan,0.2,9.0
2020-04-09,Sweden_nan,-0.6,12.8
2020-04-10,Sweden_nan,0.6,5.0
2020-04-11,Sweden_nan,-2.2,6.7
2020-04-12,Sweden_nan,-1.1,7.2
2020-04-13,Sweden_nan,1.1,11.1
2020-04-14,Sweden_nan,0.0,3.9
2020-04-15,Sweden_nan,-2.1,3.3
2020-04-18,Sweden_nan,1.7,7.8
2020-04-19,Sweden_nan,0.0,10.0
2020-04-20,Sweden_nan,2.2,12.8
2020-04-21,Sweden_nan,3.3,15.0
2020-04-22,Sweden_nan,1.1,18.9
2020-04-23,Sweden_nan,-0.6,17.8
2020-04-24,Sweden_nan,3.3,13.9
2020-04-25,Sweden_nan,2.8,10.0
2020-04-26,Sweden_nan,0.0,10.6
2020-04-27,Sweden_nan,1.7,4.4
2020-04-28,Sweden_nan,0.6,5.0
2020-04-29,Sweden_nan,-0.6,5.0
2020-04-30,Sweden_nan,-1.7,3.9
2020-05-01,Sweden_nan,-3.3,5.0
2020-05-02,Sweden_nan,2.2,5.6
2020-05-03,Sweden_nan,5.6,8.9
2020-05-04,Sweden_nan,4.4,12.2
2020-03-14,Switzerland_nan,-5.4,0.2
2020-03-15,Switzerland_nan,-5.5,-3.7
2020-03-16,Switzerland_nan,-4.2,3.3
2020-03-28,Switzerland_nan,-1.1,7.9
2020-03-29,Switzerland_nan,-0.8,4.7
2020-04-01,Switzerland_nan,-3.5,4.1
2020-04-02,Switzerland_nan,-2.2,6.5
2020-04-03,Switzerland_nan,1.3,10.5
2020-04-04,Switzerland_nan,2.0,8.8
2020-04-05,Switzerland_nan,1.8,10.9
2020-04-08,Switzerland_nan,2.1,7.6
2020-04-09,Switzerland_nan,8.5,17.5
2020-04-10,Switzerland_nan,8.5,14.1
2020-04-11,Switzerland_nan,8.5,17.7
2020-04-12,Switzerland_nan,9.1,17.9
2020-04-13,Switzerland_nan,9.9,19.0
2020-04-14,Switzerland_nan,8.0,16.9
2020-04-15,Switzerland_nan,2.1,7.2
2020-04-18,Switzerland_nan,9.7,19.7
2020-04-19,Switzerland_nan,11.2,19.0
2020-04-20,Switzerland_nan,10.2,18.4
2020-04-21,Switzerland_nan,8.3,14.6
2020-04-22,Switzerland_nan,6.5,14.7
2020-04-23,Switzerland_nan,6.0,16.0
2020-04-24,Switzerland_nan,8.1,17.7
2020-04-25,Switzerland_nan,10.5,19.6
2020-04-26,Switzerland_nan,11.0,18.1
2020-04-27,Switzerland_nan,9.3,12.3
2020-04-28,Switzerland_nan,8.2,12.8
2020-04-29,Switzerland_nan,10.0,12.3
2020-04-30,Switzerland_nan,6.7,10.7
2020-05-01,Switzerland_nan,8.2,10.7
2020-05-02,Switzerland_nan,5.8,10.5
2020-05-03,Switzerland_nan,7.3,12.5
2020-05-04,Switzerland_nan,5.7,14.0
2020-03-14,Taiwan*_nan,10.1,14.7
2020-03-15,Taiwan*_nan,3.8,9.5
2020-03-16,Taiwan*_nan,2.2,11.6
2020-03-28,Taiwan*_nan,12.5,15.7
2020-03-29,Taiwan*_nan,3.6,12.4
2020-04-01,Taiwan*_nan,12.2,19.0
2020-04-02,Taiwan*_nan,14.1,22.0
2020-04-03,Taiwan*_nan,13.8,20.0
2020-04-04,Taiwan*_nan,14.7,19.0
2020-04-05,Taiwan*_nan,13.7,19.0
2020-04-08,Taiwan*_nan,5.8,8.6
2020-04-09,Taiwan*_nan,4.7,23.0
2020-04-10,Taiwan*_nan,13.0,25.0
2020-04-11,Taiwan*_nan,15.0,26.0
2020-04-12,Taiwan*_nan,18.0,21.0
2020-04-13,Taiwan*_nan,16.0,23.0
2020-04-14,Taiwan*_nan,14.0,23.0
2020-04-15,Taiwan*_nan,13.9,23.0
2020-04-18,Taiwan*_nan,16.5,31.0
2020-04-19,Taiwan*_nan,20.0,29.0
2020-04-20,Taiwan*_nan,21.9,32.0
2020-04-21,Taiwan*_nan,18.8,26.1
2020-04-22,Taiwan*_nan,18.0,22.0
2020-04-23,Taiwan*_nan,15.0,20.0
2020-04-24,Taiwan*_nan,15.0,18.0
2020-04-25,Taiwan*_nan,16.0,21.0
2020-04-26,Taiwan*_nan,17.0,24.0
2020-04-27,Taiwan*_nan,19.0,28.0
2020-04-28,Taiwan*_nan,17.3,29.0
2020-04-29,Taiwan*_nan,19.0,29.0
2020-04-30,Taiwan*_nan,18.0,29.0
2020-05-01,Taiwan*_nan,19.4,31.0
2020-05-02,Taiwan*_nan,20.0,30.0
2020-05-03,Taiwan*_nan,20.7,32.0
2020-05-04,Taiwan*_nan,21.0,35.0
2020-03-14,Turkey_nan,9.0,16.2
2020-03-28,Turkey_nan,7.0,15.2
2020-03-29,Turkey_nan,7.0,13.5
2020-04-01,Turkey_nan,0.9,13.7
2020-04-02,Turkey_nan,5.1,10.0
2020-04-03,Turkey_nan,3.2,13.8
2020-04-04,Turkey_nan,3.1,7.7
2020-04-05,Turkey_nan,1.1,14.4
2020-04-08,Turkey_nan,4.8,17.0
2020-04-09,Turkey_nan,4.5,15.3
2020-04-10,Turkey_nan,5.0,12.1
2020-04-11,Turkey_nan,5.6,12.5
2020-04-12,Turkey_nan,1.6,12.6
2020-04-13,Turkey_nan,2.2,13.7
2020-04-14,Turkey_nan,0.4,14.0
2020-04-15,Turkey_nan,2.1,15.0
2020-04-18,Turkey_nan,3.4,17.2
2020-04-19,Turkey_nan,6.1,20.0
2020-04-20,Turkey_nan,7.8,21.2
2020-04-21,Turkey_nan,10.0,22.8
2020-04-22,Turkey_nan,10.9,18.1
2020-04-23,Turkey_nan,8.8,15.3
2020-04-24,Turkey_nan,3.8,10.6
2020-04-25,Turkey_nan,0.0,12.1
2020-04-26,Turkey_nan,5.2,15.6
2020-04-27,Turkey_nan,3.8,13.2
2020-04-28,Turkey_nan,3.7,16.3
2020-04-29,Turkey_nan,6.2,19.1
2020-04-30,Turkey_nan,7.0,20.0
2020-05-01,Turkey_nan,9.4,16.0
2020-05-02,Turkey_nan,9.3,14.8
2020-05-03,Turkey_nan,8.1,15.3
2020-05-04,Turkey_nan,7.1,17.8
2020-03-14,United Kingdom_nan,0.2,6.0
2020-03-15,United Kingdom_nan,2.6,7.5
2020-03-16,United Kingdom_nan,3.1,7.8
2020-03-28,United Kingdom_nan,4.1,9.1
2020-03-29,United Kingdom_nan,0.6,7.3
2020-04-01,United Kingdom_nan,3.9,8.9
2020-04-02,United Kingdom_nan,3.9,10.0
2020-04-03,United Kingdom_nan,2.2,8.3
2020-04-04,United Kingdom_nan,1.1,6.7
2020-04-05,United Kingdom_nan,5.0,10.0
2020-04-08,United Kingdom_nan,1.1,12.1
2020-04-09,United Kingdom_nan,6.1,15.6
2020-04-10,United Kingdom_nan,3.9,5.6
2020-04-11,United Kingdom_nan,5.0,13.3
2020-04-12,United Kingdom_nan,10.0,15.0
2020-04-13,United Kingdom_nan,4.4,11.7
2020-04-14,United Kingdom_nan,2.8,7.2
2020-04-15,United Kingdom_nan,1.7,5.0
2020-04-18,United Kingdom_nan,4.8,8.3
2020-04-19,United Kingdom_nan,2.8,9.4
2020-04-20,United Kingdom_nan,1.1,11.1
2020-04-21,United Kingdom_nan,2.2,13.9
2020-04-22,United Kingdom_nan,2.2,12.8
2020-04-23,United Kingdom_nan,3.9,11.7
2020-04-24,United Kingdom_nan,5.6,13.3
2020-04-25,United Kingdom_nan,2.8,15.6
2020-04-26,United Kingdom_nan,4.4,14.4
2020-04-27,United Kingdom_nan,6.1,7.8
2020-04-28,United Kingdom_nan,3.3,6.1
2020-04-29,United Kingdom_nan,4.4,10.0
2020-04-30,United Kingdom_nan,4.4,6.7
2020-05-01,United Kingdom_nan,2.8,7.2
2020-05-02,United Kingdom_nan,5.6,15.0
2020-05-03,United Kingdom_nan,6.1,13.9
2020-05-04,United Kingdom_nan,5.0,12.2
2020-03-14,United States_nan,6.3,17.6
2020-03-15,United States_nan,3.7,9.2
2020-03-16,United States_nan,3.1,7.1
2020-03-28,United States_nan,16.7,28.3
2020-03-29,United States_nan,13.9,26.5
2020-04-01,United States_nan,8.0,20.3
2020-04-02,United States_nan,8.3,19.7
2020-04-03,United States_nan,8.3,21.2
2020-04-04,United States_nan,0.9,23.0
2020-04-05,United States_nan,0.6,5.3
2020-04-08,United States_nan,14.7,21.7
2020-04-09,United States_nan,13.0,31.1
2020-04-10,United States_nan,12.2,17.3
2020-04-11,United States_nan,0.7,16.1
2020-04-12,United States_nan,8.5,23.6
2020-04-13,United States_nan,2.7,18.4
2020-04-14,United States_nan,-0.2,7.8
2020-04-15,United States_nan,2.7,3.9
2020-04-18,United States_nan,3.6,13.3
2020-04-19,United States_nan,-1.8,18.9
2020-04-20,United States_nan,10.5,12.8
2020-04-21,United States_nan,6.6,25.9
2020-04-22,United States_nan,7.5,17.6
2020-04-23,United States_nan,12.8,15.7
2020-04-24,United States_nan,12.7,25.7
2020-04-25,United States_nan,14.7,17.6
2020-04-26,United States_nan,10.8,19.4
2020-04-27,United States_nan,9.2,10.8
2020-04-28,United States_nan,13.7,15.7
2020-04-29,United States_nan,14.2,20.5
2020-04-30,United States_nan,11.7,15.5
2020-05-01,United States_nan,10.7,12.5
2020-05-02,United States_nan,12.7,24.1
2020-05-03,United States_nan,16.8,22.6
2020-05-04,United States_nan,15.6,22.4
2020-03-14,Vietnam_nan,24.6,31.0
2020-04-01,Vietnam_nan,25.7,33.0
2020-04-02,Vietnam_nan,25.3,30.0
2020-04-03,Vietnam_nan,25.0,33.0
2020-04-04,Vietnam_nan,26.0,32.0
2020-04-05,Vietnam_nan,24.7,32.0
2020-04-08,Vietnam_nan,24.0,28.0
2020-04-09,Vietnam_nan,24.0,28.0
2020-04-10,Vietnam_nan,24.0,30.0
2020-04-11,Vietnam_nan,24.0,30.0
2020-04-12,Vietnam_nan,25.0,32.0
2020-04-13,Vietnam_nan,22.0,33.0
2020-04-14,Vietnam_nan,21.0,24.0
2020-04-15,Vietnam_nan,22.0,27.0
2020-04-18,Vietnam_nan,24.0,31.0
2020-04-19,Vietnam_nan,25.0,31.0
2020-04-20,Vietnam_nan,25.0,32.0
2020-04-21,Vietnam_nan,24.8,32.0
2020-04-22,Vietnam_nan,25.2,32.0
2020-04-23,Vietnam_nan,26.0,31.0
2020-04-24,Vietnam_nan,27.0,31.0
2020-04-25,Vietnam_nan,23.0,27.0
2020-04-26,Vietnam_nan,22.0,26.0
2020-04-27,Vietnam_nan,22.0,28.0
2020-04-28,Vietnam_nan,23.0,29.0
2020-04-29,Vietnam_nan,23.0,30.0
2020-04-30,Vietnam_nan,23.0,30.0
2020-05-01,Vietnam_nan,25.0,33.0
2020-05-02,Vietnam_nan,25.0,31.0
2020-05-03,Vietnam_nan,25.8,32.0
2020-05-04,Vietnam_nan,25.0,32.0
